"nums","errors"
50,0.234413898661563
52,0.238008432799323
54,0.238250247227121
56,0.232606653507582
