"nums","errors"
50,0.247948460907883
53,0.245285307620759
56,0.194502489158363
59,0.195101830944517
