"nums","errors"
50,0.247948460907883
53,0.245285307620759
56,0.194502489158363
59,0.195101830944517
62,0.191997167737923
65,0.19426623738881
68,0.193835435869308
71,0.189061709596767
74,0.185446043566551
77,0.187101367968857
80,0.180441977014769
83,0.180348725864678
86,0.17876164274938
89,0.174387349107643
92,0.167590778962525
95,0.17217704132225
98,0.16154960812921
101,0.166307160889784
104,0.166094512496833
107,0.165743934849838
110,0.159868611630658
