"nums","errors"
50,0.247948460907883
53,0.239826416524007
56,0.231877044810026
59,0.230090169531721
