"nums","errors"
50,0.247948460907883
53,0.239826416524007
56,0.231877044810026
59,0.230090169531721
62,0.181378676444319
65,0.179002813430723
68,0.174899127742602
71,0.178263127612422
74,0.170494576096814
77,0.163229548128319
80,0.160532294731267
