"nums","errors"
50,0.0138682797951797
51,0.0135771373361569
52,0.0134152491270187
53,0.0134785848635892
54,0.0123755260935757
55,0.0122843898413402
56,0.0120955165593761
57,0.0119306943056531
58,0.0118413378491362
59,0.0116449289925119
60,0.0116562786514177
61,0.011599768098551
62,0.0115992878011525
63,0.0115797735652675
64,0.0114354959956545
65,0.0115600611566674
66,0.0112645313097986
67,0.0112158154676969
68,0.0112359314001843
69,0.0105292600215781
70,0.0106948284941513
71,0.0106712254435912
